date,symbol,signal,conviction,score,close,rsi,ma20,ma50,ma200,pos52,eps_trend,yield_pct,mom20,support,resistance,diligence,grade_on_date,status,result,why,f_trend,f_rsi,f_52w,f_mom20,f_eps,f_yield,f_rules
2026-06-23,ABL,HOLD,1,2,179.02,40.9,181.89,181.43,182.58,58.8,flat,11.17,-0.48,182.58,192.89,OK,2026-06-30,open,,trend-2; rsi+1(41); 52w+1(59%); yld11.2%+1; rules+1,-2,1,1,0,0,1,1
2026-06-23,ABOT,HOLD,1,0,961.39,74.9,910.2,914.52,1055.69,26.9,flat,4.16,11.62,1055.69,1017.0,OK,2026-06-30,open,,trend-1; rsi-1(75); 52w+1(27%); mom20+1,-1,-1,1,1,0,0,0
2026-06-23,AGP,HOLD,1,1,204.16,85.9,192.46,188.57,196.37,47.7,flat,3.92,9.62,196.37,209.0,OK,2026-06-30,open,,trend+1; rsi-2(86); 52w+1(48%); mom20+1,1,-2,1,1,0,0,0
2026-06-23,AHCL,HOLD,1,2,15.79,67.5,14.98,14.67,15.42,64.1,unknown,107.66,10.96,15.42,16.79,OK,2026-06-30,open,,trend+1; mom20+1,1,0,0,1,0,0,0
2026-06-23,AICL,HOLD,1,1,80.15,75.5,76.13,77.39,81.5,44.5,flat,6.86,9.81,81.5,84.25,OK,2026-06-30,open,,trend-1; rsi-1(75); 52w+1(45%); mom20+1; yld6.9%+1,-1,-1,1,1,0,1,0
2026-06-23,AIRLINK,HOLD,1,2,158.27,58.9,156.48,147.78,161.61,51.3,unknown,5.69,6.31,161.61,169.4,OK,2026-06-30,open,,trend-1; rsi+1(59); 52w+1(51%); mom20+1,-1,1,1,1,0,0,0
2026-06-23,AKBL,BUY,3,6,107.8,75.5,100.31,96.73,96.03,77.2,rising,6.49,16.44,96.73,112.49,OK,2026-06-30,open,,trend+2; rsi-1(75); mom20+1; eps_rising+2; yld6.5%+1; rules+1,2,-1,0,1,2,1,1
2026-06-23,APL,HOLD,1,2,535.16,51.5,538.65,557.45,553.6,36.0,unknown,6.17,-3.87,557.45,624.0,OK,2026-06-30,open,,trend-1; rsi+1(52); 52w+1(36%); yld6.2%+1,-1,1,1,0,0,1,0
2026-06-23,ATLH,BUY,2,4,1716.03,22.7,1764.06,1743.45,1575.38,78.6,rising,5.94,-3.07,1743.45,1810.0,OK,2026-06-30,open,,trend+1; rsi+1(23); eps_rising+2,1,1,0,0,2,0,0
2026-06-23,ATRL,BUY,2,3,905.49,60.6,885.86,892.95,767.1,82.0,unknown,0.83,0.78,892.95,972.78,OK,2026-06-30,open,,trend+2; mom20+1,2,0,0,1,0,0,0
2026-06-23,BAFL,HOLD,1,2,59.14,46.6,59.21,59.97,58.31,63.6,falling,18.6,2.73,59.97,66.55,OK,2026-06-30,open,,trend+1; rsi+1(47); mom20+1; eps_falling-2; rules+1,1,1,0,1,-2,0,1
2026-06-23,BAHL,HOLD,1,2,166.22,37.8,170.81,170.61,181.11,25.0,flat,11.13,0.56,181.11,181.75,OK,2026-06-30,open,,trend-2; 52w+1(25%); mom20+1; yld11.1%+1; rules+1,-2,0,1,1,0,1,1
2026-06-23,BNWM,BUY,2,3,66.69,64.1,65.8,65.58,66.38,27.1,unknown,0.0,5.02,66.38,73.51,OK,2026-06-30,open,,trend+1; 52w+1(27%); mom20+1,1,0,1,1,0,0,0
2026-06-23,BOP,BUY,3,8,35.12,59.0,34.57,34.39,33.52,75.8,rising,12.24,2.9,34.39,38.2,OK,2026-06-30,open,,trend+2; rsi+1(59); mom20+1; eps_rising+2; yld12.2%+1; rules+1,2,1,0,1,2,1,1
2026-06-23,BWCL,HOLD,1,0,475.48,86.6,457.76,458.78,516.03,26.8,unknown,10.1,5.12,516.03,489.69,OK,2026-06-30,open,,trend-1; rsi-2(87); 52w+1(27%); mom20+1; yld10.1%+1,-1,-2,1,1,0,1,0
2026-06-23,CHCC,HOLD,1,1,323.53,76.7,298.56,288.17,311.18,65.4,unknown,2.16,17.01,311.18,340.0,OK,2026-06-30,open,,trend+1; rsi-1(77); mom20+1,1,-1,0,1,0,0,0
2026-06-23,CNERGY,HOLD,1,2,8.15,49.5,8.25,8.2,7.76,69.0,unknown,0.0,-4.79,8.2,9.07,OK,2026-06-30,open,,trend+1; rsi+1(49),1,1,0,0,0,0,0
2026-06-23,COLG,HOLD,1,0,1280.06,92.7,1173.19,1134.4,1213.3,80.0,unknown,2.27,14.55,1213.3,1296.0,OK,2026-06-30,open,,trend+1; rsi-2(93); mom20+1,1,-2,0,1,0,0,0
2026-06-23,CPHL,HOLD,1,1,78.85,47.6,78.88,79.24,84.57,27.5,unknown,4.44,1.9,84.57,90.5,OK,2026-06-30,open,,trend-2; rsi+1(48); 52w+1(28%); mom20+1,-2,1,1,1,0,0,0
2026-06-23,DCR,HOLD,1,2,37.35,90.4,36.5,36.18,35.27,77.1,unknown,6.61,3.69,36.18,38.0,OK,2026-06-30,open,,trend+2; rsi-2(90); mom20+1; yld6.6%+1,2,-2,0,1,0,1,0
2026-06-23,DGKC,HOLD,1,2,218.62,74.4,203.3,192.15,213.66,56.8,unknown,0.91,17.29,213.66,224.9,OK,2026-06-30,open,,trend+1; rsi-1(74); 52w+1(57%); mom20+1,1,-1,1,1,0,0,0
2026-06-23,EFERT,SELL,2,-3,199.38,38.3,200.94,201.53,215.27,21.9,falling,8.53,-0.49,215.27,218.0,OK,2026-06-30,open,,trend-2; eps_falling-2; yld8.5%+1,-2,0,0,0,-2,1,0
2026-06-23,ENGROH,HOLD,1,1,279.11,65.3,270.31,273.3,253.67,83.6,falling,0.0,7.3,273.3,293.51,OK,2026-06-30,open,,trend+2; mom20+1; eps_falling-2,2,0,0,1,-2,0,0
2026-06-23,FABL,BUY,2,4,97.06,75.2,92.23,90.73,89.5,79.6,flat,8.24,10.86,90.73,98.29,OK,2026-06-30,open,,trend+2; rsi-1(75); mom20+1; yld8.2%+1; rules+1,2,-1,0,1,0,1,1
2026-06-23,FATIMA,HOLD,1,0,161.01,72.5,146.73,141.29,144.15,72.6,falling,6.37,17.72,144.15,169.5,OK,2026-06-30,open,,trend+1; rsi-1(73); mom20+1; eps_falling-2; yld6.4%+1,1,-1,0,1,-2,1,0
2026-06-23,FCCL,HOLD,1,2,56.75,68.0,54.52,51.86,53.09,82.2,unknown,2.2,10.97,53.09,59.6,OK,2026-06-30,open,,trend+1; mom20+1,1,0,0,1,0,0,0
2026-06-23,FFC,BUY,3,6,555.64,48.6,557.81,537.26,535.27,58.1,flat,8.19,4.6,537.26,574.79,OK,2026-06-30,open,,trend+2; rsi+1(49); 52w+1(58%); mom20+1; yld8.2%+1,2,1,1,1,0,1,0
2026-06-23,FFL,BUY,2,4,17.88,43.8,18.0,17.64,18.77,41.2,rising,0.0,1.65,18.77,19.3,OK,2026-06-30,open,,trend-1; rsi+1(44); 52w+1(41%); mom20+1; eps_rising+2,-1,1,1,1,2,0,0
2026-06-23,FHAM,HOLD,1,2,33.8,61.7,32.93,31.6,32.99,70.2,unknown,0.0,9.6,32.99,35.5,OK,2026-06-30,open,,trend+1; mom20+1,1,0,0,1,0,0,0
2026-06-23,GADT,HOLD,1,2,306.76,47.3,306.56,292.7,323.75,27.5,unknown,0.0,0.13,323.75,359.89,OK,2026-06-30,open,,trend-1; rsi+1(47); 52w+1(28%); mom20+1,-1,1,1,1,0,0,0
2026-06-23,GAL,HOLD,1,2,518.49,68.4,485.72,456.05,501.68,68.1,unknown,1.93,17.44,501.68,563.0,OK,2026-06-30,open,,trend+1; mom20+1,1,0,0,1,0,0,0
2026-06-23,GHGL,BUY,3,5,37.19,52.2,36.43,36.6,36.95,39.8,unknown,8.07,4.88,36.95,40.9,OK,2026-06-30,open,,trend+1; rsi+1(52); 52w+1(40%); mom20+1; yld8.1%+1,1,1,1,1,0,1,0
2026-06-23,GHNI,BUY,2,4,952.35,56.6,929.95,864.69,831.78,85.9,unknown,1.05,15.6,864.69,1010.44,OK,2026-06-30,open,,trend+2; rsi+1(57); mom20+1,2,1,0,1,0,0,0
2026-06-23,GLAXO,BUY,2,3,359.21,55.9,356.24,358.91,385.98,41.7,flat,7.52,5.69,385.98,399.5,OK,2026-06-30,open,,trend-1; rsi+1(56); 52w+1(42%); mom20+1; yld7.5%+1,-1,1,1,1,0,1,0
2026-06-23,HALEON,HOLD,1,2,785.18,57.2,778.37,767.31,832.74,38.2,flat,3.82,2.37,832.74,850.41,OK,2026-06-30,open,,trend-1; rsi+1(57); 52w+1(38%); mom20+1,-1,1,1,1,0,0,0
2026-06-23,HBL,BUY,2,3,292.99,55.3,290.11,291.37,299.46,63.7,flat,8.87,4.82,299.46,319.8,OK,2026-06-30,open,,trend-1; rsi+1(55); mom20+1; yld8.9%+1; rules+1,-1,1,0,1,0,1,1
2026-06-23,HCAR,BUY,3,5,241.33,22.7,258.91,226.13,247.75,56.8,rising,7.04,7.15,247.75,286.0,OK,2026-06-30,open,,trend-1; rsi+1(23); 52w+1(57%); mom20+1; eps_rising+2; yld7.0%+1,-1,1,1,1,2,1,0
2026-06-23,HGFA,HOLD,1,1,18.72,74.8,16.79,15.74,16.77,81.2,unknown,5.61,24.8,16.77,20.64,OK,2026-06-30,open,,trend+1; rsi-1(75); mom20+1,1,-1,0,1,0,0,0
2026-06-23,HINOON,HOLD,1,2,975.39,48.6,974.58,971.62,1026.39,46.3,flat,5.13,3.4,1026.39,1052.0,OK,2026-06-30,open,,trend-1; rsi+1(49); 52w+1(46%); mom20+1,-1,1,1,1,0,0,0
2026-06-23,HMB,HOLD,1,2,113.2,32.8,115.99,116.9,116.27,53.5,unknown,12.81,-1.81,116.9,124.68,OK,2026-06-30,open,,trend-1; 52w+1(53%); yld12.8%+1; rules+1,-1,0,1,0,0,1,1
2026-06-23,HUBC,BUY,2,3,231.81,70.6,220.85,219.13,217.26,88.4,unknown,10.78,7.32,219.13,238.75,OK,2026-06-30,open,,trend+2; rsi-1(71); mom20+1; yld10.8%+1,2,-1,0,1,0,1,0
2026-06-23,HUMNL,HOLD,1,1,11.12,54.5,11.16,11.08,13.26,10.0,unknown,44.96,2.96,13.26,11.9,OK,2026-06-30,open,,trend-1; rsi+1(54); mom20+1,-1,1,0,1,0,0,0
2026-06-23,IBFL,HOLD,1,-1,230.09,44.0,230.76,223.72,257.78,22.2,falling,0.0,6.52,257.78,257.0,OK,2026-06-30,open,,trend-1; rsi+1(44); mom20+1; eps_falling-2,-1,1,0,1,-2,0,0
2026-06-23,ILP,BUY,2,3,92.81,74.8,86.51,83.85,79.97,92.9,rising,3.23,16.77,83.85,95.07,OK,2026-06-30,open,,trend+2; rsi-1(75); 52w-1(93%); mom20+1; eps_rising+2,2,-1,-1,1,2,0,0
2026-06-23,INDU,BUY,2,3,2041.02,47.6,2036.13,2023.89,2046.34,49.7,unknown,12.15,2.09,2046.34,2230.0,OK,2026-06-30,open,,trend-1; rsi+1(48); 52w+1(50%); mom20+1; yld12.2%+1,-1,1,1,1,0,1,0
2026-06-23,INIL,HOLD,1,2,167.13,57.7,163.27,163.67,181.59,34.2,unknown,3.59,4.78,181.59,189.0,OK,2026-06-30,open,,trend-1; rsi+1(58); 52w+1(34%); mom20+1,-1,1,1,1,0,0,0
2026-06-23,ISL,HOLD,1,1,85.21,61.2,82.91,81.1,95.46,29.9,unknown,5.28,9.2,95.46,96.0,OK,2026-06-30,open,,trend-1; 52w+1(30%); mom20+1,-1,0,1,1,0,0,0
2026-06-23,JDWS,BUY,3,6,934.8,61.1,922.42,895.1,866.64,69.4,rising,7.49,3.79,895.1,995.0,OK,2026-06-30,open,,trend+2; mom20+1; eps_rising+2; yld7.5%+1,2,0,0,1,2,1,0
2026-06-23,JVDC,BUY,2,4,142.32,58.1,142.13,135.16,108.85,81.9,unknown,3.51,5.96,135.16,159.5,OK,2026-06-30,open,,trend+2; rsi+1(58); mom20+1,2,1,0,1,0,0,0
2026-06-23,KAPCO,HOLD,1,1,28.26,57.8,27.78,27.72,31.34,21.3,unknown,30.08,4.17,31.34,29.5,OK,2026-06-30,open,,trend-1; rsi+1(58); mom20+1,-1,1,0,1,0,0,0
2026-06-23,KEL,BUY,2,3,8.42,66.6,8.15,8.03,6.94,77.6,unknown,0.0,0.96,8.03,9.24,OK,2026-06-30,open,,trend+2; mom20+1,2,0,0,1,0,0,0
2026-06-23,KOHC,HOLD,1,2,102.58,70.4,94.76,89.68,97.6,59.3,unknown,0.0,21.45,97.6,107.5,OK,2026-06-30,open,,trend+1; rsi-1(70); 52w+1(59%); mom20+1,1,-1,1,1,0,0,0
2026-06-23,KTML,HOLD,1,0,53.23,70.2,49.91,48.67,57.1,45.8,unknown,3.76,17.74,57.1,56.2,OK,2026-06-30,open,,trend-1; rsi-1(70); 52w+1(46%); mom20+1,-1,-1,1,1,0,0,0
2026-06-23,LCI,HOLD,1,0,230.83,51.3,230.02,233.16,274.5,7.1,unknown,39.53,3.05,274.5,255.05,OK,2026-06-30,open,,trend-2; rsi+1(51); mom20+1,-2,1,0,1,0,0,0
2026-06-23,LOTCHEM,BUY,3,6,28.22,49.7,28.42,27.5,26.69,63.9,rising,17.72,4.44,27.5,30.89,OK,2026-06-30,open,,trend+2; rsi+1(50); mom20+1; eps_rising+2,2,1,0,1,2,0,0
2026-06-23,LUCK,HOLD,1,2,457.47,66.4,447.16,434.76,445.75,67.5,unknown,4.37,8.37,445.75,477.0,OK,2026-06-30,open,,trend+1; mom20+1,1,0,0,1,0,0,0
2026-06-23,MARI,HOLD,1,2,656.72,49.8,659.28,653.87,682.3,45.7,unknown,4.57,2.04,682.3,692.0,OK,2026-06-30,open,,trend-1; rsi+1(50); 52w+1(46%); mom20+1,-1,1,1,1,0,0,0
2026-06-23,MCB,BUY,2,3,398.83,35.9,406.0,405.53,384.59,69.6,flat,9.03,-1.53,405.53,432.06,OK,2026-06-30,open,,trend+1; yld9.0%+1; rules+1,1,0,0,0,0,1,1
2026-06-23,MEBL,BUY,2,4,511.24,63.7,500.72,492.16,460.9,95.2,flat,6.94,6.61,492.16,520.35,OK,2026-06-30,open,,trend+2; 52w-1(95%); mom20+1; yld6.9%+1; rules+1,2,0,-1,1,0,1,1
2026-06-23,MEHT,HOLD,1,0,240.11,60.8,228.85,237.61,276.08,11.7,unknown,0.0,9.46,276.08,274.99,OK,2026-06-30,open,,trend-1; mom20+1,-1,0,0,1,0,0,0
2026-06-23,MLCF,HOLD,1,1,103.3,81.9,91.94,88.75,99.81,52.9,unknown,0.0,20.76,99.81,104.3,OK,2026-06-30,open,,trend+1; rsi-2(82); 52w+1(53%); mom20+1,1,-2,1,1,0,0,0
2026-06-23,MTL,BUY,2,4,308.65,61.7,296.37,284.16,273.55,80.0,unknown,12.96,9.8,284.16,323.0,OK,2026-06-30,open,,trend+2; mom20+1; yld13.0%+1,2,0,0,1,0,1,0
2026-06-23,MUREB,HOLD,1,-1,920.0,39.6,927.52,924.26,987.02,42.9,unknown,5.82,-1.06,987.02,989.99,OK,2026-06-30,open,,trend-2; 52w+1(43%),-2,0,1,0,0,0,0
2026-06-23,NATF,HOLD,1,0,377.7,66.9,366.56,372.9,378.76,62.7,unknown,16.94,1.56,378.76,400.1,OK,2026-06-30,open,,trend-1; mom20+1,-1,0,0,1,0,0,0
2026-06-23,NBP,HOLD,1,0,200.18,63.1,192.88,191.93,216.31,52.3,falling,21.48,7.2,216.31,224.49,OK,2026-06-30,open,,trend-1; 52w+1(52%); mom20+1; eps_falling-2; rules+1,-1,0,1,1,-2,0,1
2026-06-23,NESTLE,BUY,2,3,7615.96,35.0,7696.39,7580.62,7915.53,24.7,rising,7.31,0.39,7915.53,7990.0,OK,2026-06-30,open,,trend-1; mom20+1; eps_rising+2; yld7.3%+1,-1,0,0,1,2,1,0
2026-06-23,NML,HOLD,1,1,154.38,65.7,148.39,148.63,158.78,41.8,unknown,1.3,8.12,158.78,164.45,OK,2026-06-30,open,,trend-1; 52w+1(42%); mom20+1,-1,0,1,1,0,0,0
2026-06-23,NPL,HOLD,1,2,73.89,61.9,71.98,74.13,62.09,61.6,unknown,4.74,3.81,74.13,86.35,OK,2026-06-30,open,,trend+1; mom20+1,1,0,0,1,0,0,0
2026-06-23,OGDC,HOLD,1,1,338.17,70.7,325.61,320.92,289.26,100.0,unknown,5.62,4.53,320.92,338.17,OK,2026-06-30,open,,trend+2; rsi-1(71); 52w-1(100%); mom20+1,2,-1,-1,1,0,0,0
2026-06-23,PABC,HOLD,1,2,113.02,65.5,108.74,108.17,121.67,34.8,flat,0.0,7.03,121.67,122.9,OK,2026-06-30,open,,trend-1; 52w+1(35%); mom20+1; rules+1,-1,0,1,1,0,0,1
2026-06-23,PAEL,SELL,1,-2,43.47,72.5,41.21,40.51,49.16,35.9,falling,0.0,9.77,49.16,45.0,OK,2026-06-30,open,,trend-1; rsi-1(72); 52w+1(36%); mom20+1; eps_falling-2,-1,-1,1,1,-2,0,0
2026-06-23,PAKT,BUY,2,3,1437.18,74.4,1353.4,1362.51,1474.47,55.7,rising,13.22,8.4,1474.47,1475.0,OK,2026-06-30,open,,trend-1; rsi-1(74); 52w+1(56%); mom20+1; eps_rising+2; yld13.2%+1,-1,-1,1,1,2,1,0
2026-06-23,PGLC,HOLD,1,0,14.65,50.3,14.44,13.89,15.28,20.5,unknown,0.0,-0.68,15.28,17.16,OK,2026-06-30,open,,trend-1; rsi+1(50),-1,1,0,0,0,0,0
2026-06-23,PIBTL,BUY,2,3,17.7,62.3,17.37,16.75,16.46,65.9,unknown,0.0,7.73,16.75,18.91,OK,2026-06-30,open,,trend+2; mom20+1,2,0,0,1,0,0,0
2026-06-23,PIOC,HOLD,1,2,270.0,49.2,274.55,256.85,285.66,30.3,unknown,3.7,1.95,285.66,299.0,OK,2026-06-30,open,,trend-1; rsi+1(49); 52w+1(30%); mom20+1,-1,1,1,1,0,0,0
2026-06-23,PKGS,HOLD,1,0,786.55,77.1,758.12,749.4,741.11,81.6,falling,3.94,4.89,749.4,800.0,OK,2026-06-30,open,,trend+2; rsi-1(77); mom20+1; eps_falling-2,2,-1,0,1,-2,0,0
2026-06-23,POL,BUY,2,3,689.72,70.2,681.5,667.91,648.14,75.3,unknown,11.24,4.72,667.91,710.0,OK,2026-06-30,open,,trend+2; rsi-1(70); mom20+1; yld11.2%+1,2,-1,0,1,0,1,0
2026-06-23,POWER,HOLD,1,1,23.03,72.0,21.39,20.04,18.82,94.5,unknown,0.0,16.14,20.04,23.58,OK,2026-06-30,open,,trend+2; rsi-1(72); 52w-1(95%); mom20+1,2,-1,-1,1,0,0,0
2026-06-23,PPL,BUY,3,5,244.32,66.8,234.09,229.72,219.76,68.6,rising,3.89,3.85,229.72,252.0,OK,2026-06-30,open,,trend+2; mom20+1; eps_rising+2,2,0,0,1,2,0,0
2026-06-23,PSEL,HOLD,1,-1,918.4,73.1,891.98,869.41,1019.59,18.9,unknown,0.0,7.49,1019.59,965.0,OK,2026-06-30,open,,trend-1; rsi-1(73); mom20+1,-1,-1,0,1,0,0,0
2026-06-23,PSO,HOLD,1,0,351.92,54.0,353.57,360.74,418.46,13.3,unknown,2.84,1.61,418.46,397.6,OK,2026-06-30,open,,trend-2; rsi+1(54); mom20+1,-2,1,0,1,0,0,0
2026-06-23,PSX,HOLD,1,1,49.24,71.0,43.91,40.19,41.82,84.8,unknown,3.45,33.41,41.82,53.31,OK,2026-06-30,open,,trend+1; rsi-1(71); mom20+1,1,-1,0,1,0,0,0
2026-06-23,PTC,BUY,3,5,65.35,48.2,65.14,57.82,49.2,90.8,rising,0.0,15.62,57.82,69.23,OK,2026-06-30,open,,trend+2; rsi+1(48); 52w-1(91%); mom20+1; eps_rising+2,2,1,-1,1,2,0,0
2026-06-23,RMPL,BUY,2,3,9516.09,40.1,9599.64,9514.95,9606.41,22.1,rising,6.03,-0.1,9606.41,9990.0,OK,2026-06-30,open,,trend-1; rsi+1(40); eps_rising+2; yld6.0%+1,-1,1,0,0,2,1,0
2026-06-23,SAZEW,HOLD,1,1,2088.7,37.9,2133.17,2117.37,1919.43,73.0,unknown,3.35,-3.68,2117.37,2299.0,OK,2026-06-30,open,,trend+1,1,0,0,0,0,0,0
2026-06-23,SCBPL,BUY,2,3,67.31,51.8,66.12,62.46,66.83,46.3,falling,17.83,5.07,66.83,72.0,OK,2026-06-30,open,,trend+1; rsi+1(52); 52w+1(46%); mom20+1; eps_falling-2; rules+1,1,1,1,1,-2,0,1
2026-06-23,SEARL,HOLD,1,2,93.32,58.9,91.84,91.31,104.1,28.9,unknown,0.0,4.82,104.1,99.3,OK,2026-06-30,open,,trend-1; rsi+1(59); 52w+1(29%); mom20+1,-1,1,1,1,0,0,0
2026-06-23,SHFA,HOLD,1,1,510.04,60.2,490.3,489.33,516.09,45.0,unknown,0.98,5.97,516.09,554.0,OK,2026-06-30,open,,trend-1; 52w+1(45%); mom20+1,-1,0,1,1,0,0,0
2026-06-23,SNGP,HOLD,1,1,125.66,87.1,105.39,102.35,112.5,71.9,unknown,8.36,24.02,112.5,127.85,OK,2026-06-30,open,,trend+1; rsi-2(87); mom20+1; yld8.4%+1,1,-2,0,1,0,1,0
2026-06-23,SRVI,BUY,2,4,2230.47,69.3,2098.15,1866.39,1611.01,94.1,rising,1.46,10.29,1866.39,2303.9,OK,2026-06-30,open,,trend+2; 52w-1(94%); mom20+1; eps_rising+2,2,0,-1,1,2,0,0
2026-06-23,SSGC,HOLD,1,1,32.94,83.2,28.28,27.55,32.7,49.9,unknown,1.52,24.82,32.7,33.4,OK,2026-06-30,open,,trend+1; rsi-2(83); 52w+1(50%); mom20+1,1,-2,1,1,0,0,0
2026-06-23,SSOM,BUY,2,3,479.35,58.1,431.65,441.89,458.6,17.2,unknown,1.04,17.75,458.6,566.0,OK,2026-06-30,open,,trend+1; rsi+1(58); mom20+1,1,1,0,1,0,0,0
2026-06-23,SYS,HOLD,1,1,149.43,49.8,149.96,150.83,149.78,67.1,flat,6.69,-1.57,150.83,158.0,OK,2026-06-30,open,,trend-1; rsi+1(50); yld6.7%+1,-1,1,0,0,0,1,0
2026-06-23,TGL,HOLD,1,1,189.85,68.5,182.59,172.44,198.93,37.5,unknown,4.74,18.45,198.93,209.0,OK,2026-06-30,open,,trend-1; 52w+1(38%); mom20+1,-1,0,1,1,0,0,0
2026-06-23,THALL,BUY,2,4,621.42,53.5,620.44,627.7,595.49,76.5,unknown,8.05,3.57,627.7,697.72,OK,2026-06-30,open,,trend+1; rsi+1(54); mom20+1; yld8.0%+1,1,1,0,1,0,1,0
2026-06-23,TPLRF1,HOLD,1,-1,9.69,79.8,8.88,8.34,10.72,21.9,unknown,0.0,21.12,10.72,10.19,OK,2026-06-30,open,,trend-1; rsi-1(80); mom20+1,-1,-1,0,1,0,0,0
2026-06-23,TRG,HOLD,1,1,64.9,32.9,69.1,62.5,66.22,58.7,unknown,0.0,3.15,66.22,75.19,OK,2026-06-30,open,,trend-1; 52w+1(59%); mom20+1,-1,0,1,1,0,0,0
2026-06-23,UBL,BUY,3,7,429.31,57.3,416.26,403.41,405.54,67.5,rising,8.73,6.25,405.54,458.5,OK,2026-06-30,open,,trend+1; rsi+1(57); mom20+1; eps_rising+2; yld8.7%+1; rules+1,1,1,0,1,2,1,1
2026-06-23,UPFL,HOLD,1,2,25790.0,46.5,25909.07,26116.54,27810.18,23.4,rising,7.69,-1.47,27810.18,28480.0,OK,2026-06-30,open,,trend-2; rsi+1(47); eps_rising+2; yld7.7%+1,-2,1,0,0,2,1,0
2026-06-23,YOUW,BUY,2,4,5.91,45.2,5.92,5.97,5.52,46.1,unknown,0.0,0.34,5.97,8.93,OK,2026-06-30,open,,trend+1; rsi+1(45); 52w+1(46%); mom20+1,1,1,1,1,0,0,0
2026-06-24,ABL,HOLD,1,2,179.19,44.2,181.85,181.38,182.61,59.0,flat,11.16,-0.38,182.61,192.89,OK,2026-07-01,open,,trend-2; rsi+1(44); 52w+1(59%); yld11.2%+1; rules+1,-2,1,1,0,0,1,1
2026-06-24,ABOT,HOLD,1,0,966.44,77.0,914.96,914.55,1054.57,28.0,flat,4.14,10.94,1054.57,1017.0,OK,2026-07-01,open,,trend-1; rsi-1(77); 52w+1(28%); mom20+1,-1,-1,1,1,0,0,0
2026-06-24,AGP,HOLD,1,1,204.97,85.5,193.3,188.78,196.47,48.7,flat,3.9,8.89,196.47,209.0,OK,2026-07-01,open,,trend+1; rsi-2(86); 52w+1(49%); mom20+1,1,-2,1,1,0,0,0
2026-06-24,AHCL,HOLD,1,1,15.99,73.9,15.08,14.71,15.43,64.8,unknown,106.32,14.21,15.43,16.79,OK,2026-07-01,open,,trend+1; rsi-1(74); mom20+1,1,-1,0,1,0,0,0
2026-06-24,AICL,HOLD,1,2,79.61,68.0,76.47,77.37,81.52,43.0,flat,6.91,9.17,81.52,84.25,OK,2026-07-01,open,,trend-1; 52w+1(43%); mom20+1; yld6.9%+1,-1,0,1,1,0,1,0
2026-06-24,AIRLINK,HOLD,1,2,156.38,50.9,156.81,148.13,161.6,48.6,unknown,5.76,4.36,161.6,169.4,OK,2026-07-01,open,,trend-1; rsi+1(51); 52w+1(49%); mom20+1,-1,1,1,1,0,0,0
2026-06-24,AKBL,BUY,3,5,109.02,81.6,101.12,97.11,96.15,78.8,rising,6.42,17.4,97.11,112.49,OK,2026-07-01,open,,trend+2; rsi-2(82); mom20+1; eps_rising+2; yld6.4%+1; rules+1,2,-2,0,1,2,1,1
2026-06-24,APL,HOLD,1,2,536.82,56.5,537.35,557.03,553.68,37.0,unknown,6.15,-4.63,557.03,624.0,OK,2026-07-01,open,,trend-1; rsi+1(56); 52w+1(37%); yld6.1%+1,-1,1,1,0,0,1,0
2026-06-24,ATLH,BUY,2,4,1716.84,24.2,1761.35,1744.31,1577.81,78.7,rising,5.94,-3.06,1744.31,1810.0,OK,2026-07-01,open,,trend+1; rsi+1(24); eps_rising+2,1,1,0,0,2,0,0
2026-06-24,ATRL,HOLD,1,2,889.4,45.7,885.86,893.39,768.27,77.6,unknown,0.84,-0.01,893.39,972.78,OK,2026-07-01,open,,trend+1; rsi+1(46),1,1,0,0,0,0,0
2026-06-24,BAFL,HOLD,1,2,58.79,49.8,59.29,59.91,58.33,62.4,falling,18.71,2.82,59.91,66.55,OK,2026-07-01,open,,trend+1; rsi+1(50); mom20+1; eps_falling-2; rules+1,1,1,0,1,-2,0,1
2026-06-24,BAHL,BUY,2,3,167.95,51.0,170.93,170.5,181.0,27.6,flat,11.02,1.44,181.0,181.75,OK,2026-07-01,open,,trend-2; rsi+1(51); 52w+1(28%); mom20+1; yld11.0%+1; rules+1,-2,1,1,1,0,1,1
2026-06-24,BNWM,BUY,2,3,66.48,60.9,65.94,65.58,66.33,26.7,unknown,0.0,4.46,66.33,73.51,OK,2026-07-01,open,,trend+1; 52w+1(27%); mom20+1,1,0,1,1,0,0,0
2026-06-24,BOP,BUY,3,7,35.38,61.8,34.66,34.53,33.6,76.6,rising,12.15,4.99,34.53,38.2,OK,2026-07-01,open,,trend+2; mom20+1; eps_rising+2; yld12.2%+1; rules+1,2,0,0,1,2,1,1
2026-06-24,BWCL,HOLD,1,0,477.04,85.9,458.96,459.14,515.53,27.4,unknown,10.06,5.32,515.53,489.69,OK,2026-07-01,open,,trend-1; rsi-2(86); 52w+1(27%); mom20+1; yld10.1%+1,-1,-2,1,1,0,1,0
2026-06-24,CHCC,HOLD,1,0,339.33,81.3,301.28,289.08,311.09,76.6,unknown,2.06,19.12,311.09,350.0,OK,2026-07-01,open,,trend+1; rsi-2(81); mom20+1,1,-2,0,1,0,0,0
2026-06-24,CNERGY,HOLD,1,2,8.2,53.5,8.24,8.22,7.76,70.7,unknown,0.0,-2.38,8.22,9.07,OK,2026-07-01,open,,trend+1; rsi+1(54),1,1,0,0,0,0,0
2026-06-24,COLG,HOLD,1,2,1259.53,69.7,1179.31,1137.31,1213.1,72.8,unknown,2.3,10.75,1213.1,1296.0,OK,2026-07-01,open,,trend+1; mom20+1,1,0,0,1,0,0,0
2026-06-24,CPHL,HOLD,1,1,79.05,54.4,78.97,79.22,84.48,28.2,unknown,4.43,2.13,84.48,90.5,OK,2026-07-01,open,,trend-2; rsi+1(54); 52w+1(28%); mom20+1,-2,1,1,1,0,0,0
2026-06-24,DCR,HOLD,1,2,37.34,90.4,36.57,36.2,35.29,77.0,unknown,6.61,4.07,36.2,38.0,OK,2026-07-01,open,,trend+2; rsi-2(90); mom20+1; yld6.6%+1,2,-2,0,1,0,1,0
2026-06-24,DGKC,HOLD,1,2,221.94,74.5,205.21,192.92,213.58,59.5,unknown,0.9,20.86,213.58,224.9,OK,2026-07-01,open,,trend+1; rsi-1(74); 52w+1(60%); mom20+1,1,-1,1,1,0,0,0
2026-06-24,EFERT,SELL,1,-2,200.21,48.0,200.85,201.32,215.22,22.9,falling,8.49,-0.87,215.22,218.0,OK,2026-07-01,open,,trend-2; rsi+1(48); eps_falling-2; yld8.5%+1,-2,1,0,0,-2,1,0
2026-06-24,ENGROH,HOLD,1,0,281.07,71.3,270.98,273.24,253.88,85.2,falling,0.0,5.01,273.24,293.51,OK,2026-07-01,open,,trend+2; rsi-1(71); mom20+1; eps_falling-2,2,-1,0,1,-2,0,0
2026-06-24,FABL,BUY,2,4,96.91,74.8,92.62,90.76,89.61,76.9,flat,8.26,8.77,90.76,98.29,OK,2026-07-01,open,,trend+2; rsi-1(75); mom20+1; yld8.3%+1; rules+1,2,-1,0,1,0,1,1
2026-06-24,FATIMA,HOLD,1,0,163.11,77.2,148.06,141.67,144.33,74.0,falling,6.28,19.59,144.33,169.5,OK,2026-07-01,open,,trend+1; rsi-1(77); mom20+1; eps_falling-2; yld6.3%+1,1,-1,0,1,-2,1,0
2026-06-24,FCCL,HOLD,1,1,58.36,72.7,54.92,52.01,53.08,88.9,unknown,2.14,16.05,53.08,59.6,OK,2026-07-01,open,,trend+1; rsi-1(73); mom20+1,1,-1,0,1,0,0,0
2026-06-24,FFC,BUY,3,6,558.68,52.6,558.66,537.68,535.79,57.8,flat,8.14,3.13,537.68,574.79,OK,2026-07-01,open,,trend+2; rsi+1(53); 52w+1(58%); mom20+1; yld8.1%+1,2,1,1,1,0,1,0
2026-06-24,FFL,BUY,2,4,17.84,44.0,18.0,17.67,18.76,40.7,rising,0.0,0.85,18.76,19.3,OK,2026-07-01,open,,trend-1; rsi+1(44); 52w+1(41%); mom20+1; eps_rising+2,-1,1,1,1,2,0,0
2026-06-24,FHAM,HOLD,1,2,34.04,67.4,33.08,31.68,32.99,68.0,unknown,0.0,9.81,32.99,35.5,OK,2026-07-01,open,,trend+1; mom20+1,1,0,0,1,0,0,0
2026-06-24,GADT,HOLD,1,2,309.02,56.9,307.35,294.23,323.18,28.2,unknown,0.0,5.39,323.18,359.89,OK,2026-07-01,open,,trend-1; rsi+1(57); 52w+1(28%); mom20+1,-1,1,1,1,0,0,0
2026-06-24,GAL,HOLD,1,1,544.23,76.8,491.21,459.58,501.5,76.1,unknown,1.84,25.25,501.5,563.0,OK,2026-07-01,open,,trend+1; rsi-1(77); mom20+1,1,-1,0,1,0,0,0
2026-06-24,GHGL,BUY,2,3,38.78,73.5,36.62,36.66,36.9,46.7,unknown,7.74,10.61,36.9,40.9,OK,2026-07-01,open,,trend+1; rsi-1(73); 52w+1(47%); mom20+1; yld7.7%+1,1,-1,1,1,0,1,0
2026-06-24,GHNI,BUY,2,3,968.57,61.4,936.92,869.84,832.51,89.8,unknown,1.03,16.79,869.84,1010.44,OK,2026-07-01,open,,trend+2; mom20+1,2,0,0,1,0,0,0
2026-06-24,GLAXO,HOLD,1,2,366.89,66.6,357.82,358.99,385.78,46.5,flat,7.36,9.42,385.78,399.5,OK,2026-07-01,open,,trend-1; 52w+1(46%); mom20+1; yld7.4%+1,-1,0,1,1,0,1,0
2026-06-24,HALEON,HOLD,1,1,802.92,64.7,780.42,768.87,832.37,43.6,flat,3.74,5.38,832.37,850.41,OK,2026-07-01,open,,trend-1; 52w+1(44%); mom20+1,-1,0,1,1,0,0,0
2026-06-24,HBL,BUY,2,3,294.1,59.3,291.02,291.23,299.64,64.2,flat,8.84,6.57,299.64,319.8,OK,2026-07-01,open,,trend-1; rsi+1(59); mom20+1; yld8.8%+1; rules+1,-1,1,0,1,0,1,1
2026-06-24,HCAR,BUY,3,5,240.45,25.2,259.79,227.5,247.46,56.2,rising,7.07,7.98,247.46,286.0,OK,2026-07-01,open,,trend-1; rsi+1(25); 52w+1(56%); mom20+1; eps_rising+2; yld7.1%+1,-1,1,1,1,2,1,0
2026-06-24,HGFA,HOLD,1,2,18.39,68.8,16.96,15.82,16.79,78.0,unknown,5.71,22.27,16.79,20.64,OK,2026-07-01,open,,trend+1; mom20+1,1,0,0,1,0,0,0
2026-06-24,HINOON,HOLD,1,1,997.93,67.8,976.97,972.12,1025.52,51.1,flat,5.01,5.05,1025.52,1052.0,OK,2026-07-01,open,,trend-1; 52w+1(51%); mom20+1,-1,0,1,1,0,0,0
2026-06-24,HMB,BUY,2,3,114.84,48.7,115.95,116.87,116.26,58.1,unknown,12.63,-0.6,116.87,124.68,OK,2026-07-01,open,,trend-1; rsi+1(49); 52w+1(58%); yld12.6%+1; rules+1,-1,1,1,0,0,1,1
2026-06-24,HUBC,BUY,2,4,231.41,68.8,221.65,219.49,217.49,88.0,unknown,10.8,7.42,219.49,238.75,OK,2026-07-01,open,,trend+2; mom20+1; yld10.8%+1,2,0,0,1,0,1,0
2026-06-24,HUMNL,HOLD,1,0,11.07,50.5,11.18,11.08,13.24,9.3,unknown,45.17,4.14,13.24,11.9,OK,2026-07-01,open,,trend-2; rsi+1(50); mom20+1,-2,1,0,1,0,0,0
2026-06-24,IBFL,HOLD,1,-1,230.09,47.3,231.46,224.16,257.35,22.2,falling,0.0,6.52,257.35,257.0,OK,2026-07-01,open,,trend-1; rsi+1(47); mom20+1; eps_falling-2,-1,1,0,1,-2,0,0
2026-06-24,ILP,HOLD,1,2,99.58,87.7,87.48,84.14,80.11,100.0,rising,3.01,23.98,84.14,99.58,OK,2026-07-01,open,,trend+2; rsi-2(88); 52w-1(100%); mom20+1; eps_rising+2,2,-2,-1,1,2,0,0
2026-06-24,INDU,BUY,2,4,2070.34,64.3,2039.08,2026.81,2045.24,54.2,unknown,11.98,2.93,2045.24,2230.0,OK,2026-07-01,open,,trend+1; 52w+1(54%); mom20+1; yld12.0%+1,1,0,1,1,0,1,0
2026-06-24,INIL,HOLD,1,1,168.95,66.1,163.88,163.89,181.37,35.8,unknown,3.55,7.78,181.37,189.0,OK,2026-07-01,open,,trend-1; 52w+1(36%); mom20+1,-1,0,1,1,0,0,0
2026-06-24,ISL,HOLD,1,1,88.43,68.7,83.49,81.28,95.31,35.0,unknown,5.09,15.19,95.31,96.0,OK,2026-07-01,open,,trend-1; 52w+1(35%); mom20+1,-1,0,1,1,0,0,0
2026-06-24,JDWS,BUY,3,7,929.58,51.3,923.63,896.29,866.83,66.9,rising,7.53,2.67,896.29,995.0,OK,2026-07-01,open,,trend+2; rsi+1(51); mom20+1; eps_rising+2; yld7.5%+1,2,1,0,1,2,1,0
2026-06-24,JVDC,BUY,2,3,144.51,64.1,142.75,135.79,109.11,84.1,unknown,3.46,9.36,135.79,159.5,OK,2026-07-01,open,,trend+2; mom20+1,2,0,0,1,0,0,0
2026-06-24,KAPCO,HOLD,1,0,28.28,60.7,27.84,27.73,31.3,21.5,unknown,30.06,4.35,31.3,29.5,OK,2026-07-01,open,,trend-1; mom20+1,-1,0,0,1,0,0,0
2026-06-24,KEL,HOLD,1,2,8.75,71.9,8.17,8.05,6.96,85.0,unknown,0.0,4.92,8.05,9.24,OK,2026-07-01,open,,trend+2; rsi-1(72); mom20+1,2,-1,0,1,0,0,0
2026-06-24,KOHC,HOLD,1,1,106.01,77.5,95.9,89.98,97.61,66.4,unknown,0.0,27.37,97.61,107.5,OK,2026-07-01,open,,trend+1; rsi-1(78); mom20+1,1,-1,0,1,0,0,0
2026-06-24,KTML,HOLD,1,0,54.68,75.7,50.36,48.82,57.13,49.7,unknown,3.66,19.75,57.13,56.2,OK,2026-07-01,open,,trend-1; rsi-1(76); 52w+1(50%); mom20+1,-1,-1,1,1,0,0,0
2026-06-24,LCI,HOLD,1,0,235.74,68.1,230.65,233.06,274.09,10.0,unknown,38.71,5.6,274.09,255.05,OK,2026-07-01,open,,trend-1; mom20+1,-1,0,0,1,0,0,0
2026-06-24,LOTCHEM,BUY,3,6,28.07,55.5,28.47,27.58,26.72,62.9,rising,17.81,4.08,27.58,30.89,OK,2026-07-01,open,,trend+2; rsi+1(55); mom20+1; eps_rising+2,2,1,0,1,2,0,0
2026-06-24,LUCK,HOLD,1,1,467.75,73.6,448.71,435.4,445.68,73.5,unknown,4.28,7.09,445.68,477.0,OK,2026-07-01,open,,trend+1; rsi-1(74); mom20+1,1,-1,0,1,0,0,0
2026-06-24,MARI,HOLD,1,1,662.8,61.3,659.49,653.77,682.21,48.2,unknown,4.53,0.65,682.21,692.0,OK,2026-07-01,open,,trend-1; 52w+1(48%); mom20+1,-1,0,1,1,0,0,0
2026-06-24,MCB,BUY,2,4,403.75,46.5,405.56,405.38,384.83,67.4,flat,8.92,-2.14,405.38,432.06,OK,2026-07-01,open,,trend+1; rsi+1(46); yld8.9%+1; rules+1,1,1,0,0,0,1,1
2026-06-24,MEBL,BUY,2,4,514.26,69.4,501.92,492.43,461.43,96.5,flat,6.9,4.91,492.43,520.35,OK,2026-07-01,open,,trend+2; 52w-1(97%); mom20+1; yld6.9%+1; rules+1,2,0,-1,1,0,1,1
2026-06-24,MEHT,HOLD,1,-1,245.19,74.9,230.26,237.51,275.63,14.1,unknown,0.0,12.99,275.63,274.99,OK,2026-07-01,open,,trend-1; rsi-1(75); mom20+1,-1,-1,0,1,0,0,0
2026-06-24,MLCF,HOLD,1,1,107.15,83.9,93.08,89.14,99.79,59.6,unknown,0.0,27.02,99.79,107.55,OK,2026-07-01,open,,trend+1; rsi-2(84); 52w+1(60%); mom20+1,1,-2,1,1,0,0,0
2026-06-24,MTL,BUY,2,4,310.22,68.3,297.72,285.02,273.63,82.2,unknown,12.89,9.57,285.02,323.0,OK,2026-07-01,open,,trend+2; mom20+1; yld12.9%+1,2,0,0,1,0,1,0
2026-06-24,MUREB,HOLD,1,0,919.27,41.9,927.49,925.02,986.49,42.7,unknown,5.82,-0.07,986.49,989.99,OK,2026-07-01,open,,trend-2; rsi+1(42); 52w+1(43%),-2,1,1,0,0,0,0
2026-06-24,NATF,BUY,2,3,382.2,67.7,367.21,373.36,378.82,59.3,unknown,16.75,3.51,378.82,400.1,OK,2026-07-01,open,,trend+1; 52w+1(59%); mom20+1,1,0,1,1,0,0,0
2026-06-24,NBP,HOLD,1,0,201.73,69.0,193.69,192.24,216.45,53.1,falling,21.32,8.73,216.45,224.49,OK,2026-07-01,open,,trend-1; 52w+1(53%); mom20+1; eps_falling-2; rules+1,-1,0,1,1,-2,0,1
2026-06-24,NESTLE,BUY,3,5,7649.62,44.9,7698.92,7583.7,7911.69,26.0,rising,7.28,0.67,7911.69,7990.0,OK,2026-07-01,open,,trend-1; rsi+1(45); 52w+1(26%); mom20+1; eps_rising+2; yld7.3%+1,-1,1,1,1,2,1,0
2026-06-24,NML,HOLD,1,2,159.2,74.3,149.27,148.89,158.79,47.3,unknown,1.26,12.51,158.79,164.45,OK,2026-07-01,open,,trend+1; rsi-1(74); 52w+1(47%); mom20+1,1,-1,1,1,0,0,0
2026-06-24,NPL,HOLD,1,2,74.14,63.5,72.19,74.16,62.25,62.0,unknown,4.72,6.05,74.16,86.35,OK,2026-07-01,open,,trend+1; mom20+1,1,0,0,1,0,0,0
2026-06-24,OGDC,HOLD,1,2,339.96,67.7,326.11,321.72,289.61,100.0,unknown,5.59,3.0,321.72,339.96,OK,2026-07-01,open,,trend+2; 52w-1(100%); mom20+1,2,0,-1,1,0,0,0
2026-06-24,PABC,HOLD,1,1,115.9,74.1,109.28,108.43,121.49,38.4,flat,0.0,10.38,121.49,122.9,OK,2026-07-01,open,,trend-1; rsi-1(74); 52w+1(38%); mom20+1; rules+1,-1,-1,1,1,0,0,1
2026-06-24,PAEL,SELL,1,-2,44.49,75.4,41.48,40.63,49.12,39.3,falling,0.0,13.87,49.12,45.0,OK,2026-07-01,open,,trend-1; rsi-1(75); 52w+1(39%); mom20+1; eps_falling-2,-1,-1,1,1,-2,0,0
2026-06-24,PAKT,BUY,2,4,1420.25,62.4,1357.55,1364.16,1474.85,52.3,rising,13.38,6.2,1474.85,1475.0,OK,2026-07-01,open,,trend-1; 52w+1(52%); mom20+1; eps_rising+2; yld13.4%+1,-1,0,1,1,2,1,0
2026-06-24,PGLC,HOLD,1,1,14.53,55.4,14.46,13.93,15.26,19.5,unknown,0.0,3.34,15.26,17.16,OK,2026-07-01,open,,trend-1; rsi+1(55); mom20+1,-1,1,0,1,0,0,0
2026-06-24,PIBTL,HOLD,1,2,18.64,74.7,17.49,16.81,16.49,71.9,unknown,0.0,14.92,16.81,19.17,OK,2026-07-01,open,,trend+2; rsi-1(75); mom20+1,2,-1,0,1,0,0,0
2026-06-24,PIOC,HOLD,1,2,273.85,51.9,274.69,257.47,285.72,32.1,unknown,3.65,1.08,285.72,299.0,OK,2026-07-01,open,,trend-1; rsi+1(52); 52w+1(32%); mom20+1,-1,1,1,1,0,0,0
2026-06-24,PKGS,HOLD,1,-1,789.78,87.7,760.58,750.3,741.55,82.2,falling,3.93,6.63,750.3,800.0,OK,2026-07-01,open,,trend+2; rsi-2(88); mom20+1; eps_falling-2,2,-2,0,1,-2,0,0
2026-06-24,POL,BUY,2,4,691.99,69.2,683.21,668.58,648.24,76.4,unknown,11.2,5.17,668.58,710.0,OK,2026-07-01,open,,trend+2; mom20+1; yld11.2%+1,2,0,0,1,0,1,0
2026-06-24,POWER,HOLD,1,1,23.3,72.3,21.55,20.13,18.84,97.2,unknown,0.0,15.46,20.13,23.58,OK,2026-07-01,open,,trend+2; rsi-1(72); 52w-1(97%); mom20+1,2,-1,-1,1,0,0,0
2026-06-24,PPL,BUY,3,5,247.98,67.5,234.46,230.19,220.04,71.7,rising,3.83,3.01,230.19,252.0,OK,2026-07-01,open,,trend+2; mom20+1; eps_rising+2,2,0,0,1,2,0,0
2026-06-24,PSEL,HOLD,1,0,915.49,68.8,895.16,870.53,1019.52,18.5,unknown,0.0,7.47,1019.52,965.0,OK,2026-07-01,open,,trend-1; mom20+1,-1,0,0,1,0,0,0
2026-06-24,PSO,HOLD,1,-1,350.91,48.3,353.41,360.45,418.14,12.7,unknown,2.85,-0.92,418.14,397.6,OK,2026-07-01,open,,trend-2; rsi+1(48),-2,1,0,0,0,0,0
2026-06-24,PSX,HOLD,1,1,49.72,72.5,44.55,40.48,41.88,86.3,unknown,3.42,35.22,41.88,53.31,OK,2026-07-01,open,,trend+1; rsi-1(73); mom20+1,1,-1,0,1,0,0,0
2026-06-24,PTC,BUY,3,5,66.14,47.9,65.51,58.06,49.41,92.5,rising,0.0,12.39,58.06,69.23,OK,2026-07-01,open,,trend+2; rsi+1(48); 52w-1(92%); mom20+1; eps_rising+2,2,1,-1,1,2,0,0
2026-06-24,RMPL,HOLD,1,1,9506.37,34.3,9592.58,9519.81,9606.14,21.9,rising,6.04,-1.46,9606.14,9990.0,OK,2026-07-01,open,,trend-2; eps_rising+2; yld6.0%+1,-2,0,0,0,2,1,0
2026-06-24,SAZEW,HOLD,1,1,2077.43,37.5,2129.24,2121.29,1921.59,72.2,unknown,3.37,-3.64,2121.29,2299.0,OK,2026-07-01,open,,trend+1,1,0,0,0,0,0,0
2026-06-24,SCBPL,HOLD,1,1,66.45,42.1,66.2,62.57,66.79,43.4,falling,18.06,2.5,66.79,72.0,OK,2026-07-01,open,,trend-1; rsi+1(42); 52w+1(43%); mom20+1; eps_falling-2; rules+1,-1,1,1,1,-2,0,1
2026-06-24,SEARL,HOLD,1,1,95.49,67.5,92.21,91.38,104.01,32.6,unknown,0.0,8.31,104.01,99.3,OK,2026-07-01,open,,trend-1; 52w+1(33%); mom20+1,-1,0,1,1,0,0,0
2026-06-24,SHFA,BUY,2,3,520.98,69.6,492.1,489.88,515.85,51.4,unknown,0.96,7.42,515.85,554.0,OK,2026-07-01,open,,trend+1; 52w+1(51%); mom20+1,1,0,1,1,0,0,0
2026-06-24,SNGP,HOLD,1,2,123.17,75.2,106.52,102.86,112.51,67.2,unknown,8.52,22.37,112.51,127.85,OK,2026-07-01,open,,trend+1; rsi-1(75); mom20+1; yld8.5%+1,1,-1,0,1,0,1,0
2026-06-24,SRVI,HOLD,1,2,2357.15,81.8,2115.59,1883.13,1616.02,100.0,rising,1.38,17.37,1883.13,2357.15,OK,2026-07-01,open,,trend+2; rsi-2(82); 52w-1(100%); mom20+1; eps_rising+2,2,-2,-1,1,2,0,0
2026-06-24,SSGC,HOLD,1,1,32.04,67.4,28.57,27.73,32.66,46.5,unknown,1.56,22.2,32.66,33.4,OK,2026-07-01,open,,trend-1; 52w+1(47%); mom20+1,-1,0,1,1,0,0,0
2026-06-24,SSOM,HOLD,1,2,472.91,63.3,434.85,442.68,457.63,16.4,unknown,1.06,15.69,457.63,566.0,OK,2026-07-01,open,,trend+1; mom20+1,1,0,0,1,0,0,0
2026-06-24,SYS,BUY,2,3,149.93,53.7,149.96,150.81,149.83,67.9,flat,6.67,-0.05,150.81,158.0,OK,2026-07-01,open,,trend+1; rsi+1(54); yld6.7%+1,1,1,0,0,0,1,0
2026-06-24,TGL,HOLD,1,1,189.82,68.0,183.81,173.19,198.51,37.5,unknown,4.74,14.72,198.51,209.0,OK,2026-07-01,open,,trend-1; 52w+1(38%); mom20+1,-1,0,1,1,0,0,0
2026-06-24,THALL,BUY,2,4,635.98,69.8,621.9,627.61,595.66,81.0,unknown,7.86,4.81,627.61,697.72,OK,2026-07-01,open,,trend+2; mom20+1; yld7.9%+1,2,0,0,1,0,1,0
2026-06-24,TPLRF1,HOLD,1,0,9.37,65.0,8.95,8.36,10.69,18.6,unknown,0.0,18.61,10.69,10.19,OK,2026-07-01,open,,trend-1; mom20+1,-1,0,0,1,0,0,0
2026-06-24,TRG,HOLD,1,2,64.4,24.2,69.18,62.64,66.24,57.5,unknown,0.0,2.76,66.24,75.19,OK,2026-07-01,open,,trend-1; rsi+1(24); 52w+1(57%); mom20+1,-1,1,1,1,0,0,0
2026-06-24,UBL,BUY,3,5,442.92,70.5,417.73,405.06,405.88,71.8,rising,8.47,7.12,405.88,458.5,OK,2026-07-01,open,,trend+1; rsi-1(70); mom20+1; eps_rising+2; yld8.5%+1; rules+1,1,-1,0,1,2,1,1
2026-06-24,UPFL,HOLD,1,2,25795.65,41.6,25898.85,26116.04,27776.21,23.5,rising,7.68,-0.79,27776.21,28480.0,OK,2026-07-01,open,,trend-2; rsi+1(42); eps_rising+2; yld7.7%+1,-2,1,0,0,2,1,0
2026-06-24,YOUW,BUY,2,4,5.9,48.0,5.93,6.0,5.52,45.9,unknown,0.0,2.43,6.0,8.93,OK,2026-07-01,open,,trend+1; rsi+1(48); 52w+1(46%); mom20+1,1,1,1,1,0,0,0
